keyword1,response
compromise,Be flexible and willing to compromise to find a solution that works for both of you.
time,"Make sure to prioritize quality time spent together, even amidst busy schedules."
respect,Respect each other's boundaries to ensure a sense of comfort and safety in the relationship.
forgiveness,Learn to forgive and let go of past mistakes to move forward in a healthy way.
patience,Be patient and understanding with each other as you both grow and change over time.
intimacy,Maintain intimacy and a strong emotional connection through physical affection.
honesty,"Be honest, transparent, and trustworthy in your words and actions."
spontaneity,Keep the excitement alive by engaging in spontaneous activities together.
vulnerability,Build trust by being vulnerable and open with each other about your thoughts and feelings.
communication,"Pay attention to non-verbal cues when communicating. Sometimes, actions speak louder than words."
routine,Keep your relationship exciting by spicing up your routine with surprises and new experiences.
appreciation,Show appreciation and gratitude for the little things your partner does for you.
balance,"Maintain a balance between work, personal life, and your relationship to ensure all areas are fulfilled."
conflict,Handle conflicts with maturity and aim for healthy resolutions rather than escalating arguments.
goals,"Discuss your goals, dreams, and future plans together to ensure you're on the same page."
self-care,"Prioritize self-care and self-love to ensure your individual well-being, which in turn, benefits your relationship."
romance,Keep the romance alive with affectionate gestures and surprises.
shared values,Ensure you have shared values and compatibility by nurturing common interests.
quality time,Balance your quality time together with pursuing separate interests to maintain a healthy relationship.
security,"Provide a sense of security, safety, and comfort to your partner in the relationship."
adventure,Embark on adventures and embrace spontaneity to add thrill to your relationship.
humor,Use humor to lighten up the mood and enjoy each other's company.
appreciation,Acknowledge and appreciate each other's efforts in the relationship.
trust,Build trust through faithfulness and demonstrating your commitment to the relationship.
communication,Have clear communication about your expectations from each other and the relationship.
respect,Respect each other's individuality and embrace your differences.
boundaries,Set and respect boundaries to give each other the space needed for personal growth.
consent,Respect each other's preferences and always seek consent in all aspects of the relationship.
listening,Listen with empathy and offer support when your partner is going through a tough time.
Hey,Hello
Hi,What's up?
Good,Thanks to Cupid's Choice